airport,region,runway,flights_comjet,flights_other,land_lat,land_lon,takeoff_lat,takeoff_lon
0O2,69,15/33,0,500,35.2904806944,-116.082674556,35.28207975,-116.080034278
0O4,35,17/35,0,8718,39.9498124444,-122.171118278,39.9424035833,-122.171114778
0O9,19,06/24,0,1800,41.8449638889,-123.990211111,41.8462,-123.979361111
0Q3,47,07/25,0,8000,38.2233194444,-122.452530556,38.2233,-122.443130556
0Q3,47,17/35,0,8000,38.2271579444,-122.453061306,38.2230036944,-122.453130361
0Q4,48,10/28,0,12000,36.582465,-119.660266,36.579536,-119.65369
0Q5,20,12/30,0,3000,40.031705,-124.078270444,40.0246026667,-124.0703575
0Q9,47,08/26,0,15000,38.2579166667,-122.438361111,38.2569472222,-122.429811111
1C9,17,05/23,0,4680,36.9516715278,-121.466801861,36.9545434167,-121.459028306
1C9,17,05W/23W,0,4680,36.9508722222,-121.467080556,36.9543305556,-121.457761111
1O2,4,10/28,0,74000,38.9930095,-122.906249639,38.9882009444,-122.895185778
1O3,53,08/26,0,18400,38.2031311111,-121.276444167,38.2026988889,-121.2634475
1O3,53,12/30,0,18400,38.2036819444,-121.270405556,38.1996813889,-121.265270556
1O5,26,15/33,0,3800,41.7343361111,-122.546511111,41.7256305556,-122.54245
1O6,26,14/32,0,2200,41.2664583333,-122.274019444,41.2596305556,-122.270197222
1Q1,55,13/31,0,3850,36.1648,-119.052277778,36.1599916667,-119.049
1Q2,24,16/34,0,3000,40.6566127778,-120.768410833,40.6439980556,-120.768606944
1Q4,53,12/30,0,4000,37.6814555556,-121.305169444,37.6741055556,-121.297211111
1Q5,4,01/19,0,1000,39.4459472222,-122.958311111,39.4554694444,-122.9509
24CL,50,14/32,0,10,36.0973222222,-119.546027778,36.0800194444,-119.537227778
2CL1,37,06/24,0,1400,39.4545981944,-121.295674139,39.4558191944,-121.287589722
2O1,13,07/25,0,9100,39.9431496389,-120.952640667,39.9446871389,-120.938141667
2O3,42,16/34,0,10000,38.584425,-122.436038889,38.5756305556,-122.434925
2O6,51,12/30,0,6700,37.1164434722,-120.250942306,37.1101346389,-120.243043278
2O7,2,05/23,0,1500,36.8162833333,-118.2076,36.8178055556,-118.202844444
2O7,2,14/32,0,1500,36.8205611111,-118.207147222,36.8116138889,-118.202472222
36S,26,04/22,0,150,41.7883027778,-123.393477778,41.7927194444,-123.384188889
3O1,52,18/36,0,8000,37.264799,-120.962749722,37.2563292222,-120.965773333
3O8,48,14/32,0,10000,36.2516111111,-120.240483333,36.2445888889,-120.236438889
49X,69,16/34,0,4000,34.5357426111,-114.431956833,34.5220040833,-114.431980417
54CL,64,10/28,0,24,33.519875,-116.79069,33.523372,-116.801553
63CA,64,10/28,0,30,33.483317,-115.878294,33.478835,-115.86943
7CL4,3,05/23,0,10,38.3551277778,-119.520452778,38.3560138889,-119.517127778
86CL,64,02/20,0,30,33.601264,-116.880552,33.593982,-116.886129
8CA5,61,18/36,0,40,33.645579,-117.111353,33.645544,-117.11047
8CA8,53,17/35,0,10,38.0721444444,-121.207444444,38.0625694444,-121.207744444
9L2,65,06/24,0,10,34.9885305556,-117.872822222,34.9930388889,-117.853561111
A24,25,05/23,0,1500,41.41015,-120.691327778,41.4142333333,-120.676811111
A26,25,09/27,0,100,41.1878861111,-120.959233333,41.1851138889,-120.94955
A28,25,16/34,0,10,41.8815093056,-120.146498556,41.8714656111,-120.146806167
A30,26,16/34,0,8104,41.56285,-122.855377778,41.5527138889,-122.854538889
A32,26,16/34,0,2050,41.8931365833,-121.975606833,41.8813397778,-121.975583222
AAT,25,03/21,0,9875,41.480273,-120.569061611,41.4861506667,-120.560903917
AAT,25,13/31,0,9875,41.4878107778,-120.569809861,41.4777675556,-120.561575917
ACV,20,01/19,2920,5292,40.9723591111,-124.112994417,40.9830840833,-124.104908667
ACV,20,14/32,2920,5292,40.9852786667,-124.113123389,40.9705282222,-124.103095944
AHC,24,08/26,0,10,40.2680626111,-120.168310556,40.2637736111,-120.132916111
AJO,61,07/25,0,50000,33.8975971111,-117.6077135,33.8977318611,-117.597171278
APC,42,06/24,0,17917,38.2077085,-122.288485111,38.2108613333,-122.27152275
APC,42,18L/36R,0,17917,38.218523,-122.278302667,38.2120765833,-122.281396556
APC,42,18R/36L,0,17917,38.2232049167,-122.277962611,38.2079761944,-122.2852715
APV,69,08/26,0,18750,34.5695584722,-117.194027556,34.5695598333,-117.18041325
APV,69,18/36,0,18750,34.5875468889,-117.182545556,34.5703953889,-117.188522667
AUN,30,07/25,0,68770,38.9542967778,-121.088198556,38.9553415556,-121.07525775
AVX,59,04/22,0,16423,33.4026222222,-118.419786111,33.4073722222,-118.411752778
BAB,37,15/33,0,10,39.1517106667,-121.44334925,39.1204914722,-121.429820833
BFL,49,12L/30R,850,25393,35.4463386667,-119.071270861,35.4251360278,-119.045649889
BFL,49,12R/30L,850,25393,35.4387424722,-119.065628306,35.4236955,-119.0474505
BIH,2,07/25,0,7667,37.3736496944,-118.374135333,37.3735174722,-118.354981778
BIH,2,12/30,0,7667,37.3801414722,-118.373337611,37.3654582778,-118.355253917
BIH,2,16/34,0,7667,37.380734,-118.361638917,37.3653586111,-118.361804194
BLH,66,08/26,0,12500,33.6166023056,-114.727729417,33.6165370278,-114.70624
BLH,66,17/35,0,12500,33.6300349444,-114.71674175,33.6140975278,-114.716817417
BLU,12,15/33,0,1100,39.2793821389,-120.711006972,39.27053375,-120.708514694
BNG,61,08/26,0,4598,33.9226071667,-116.859142944,33.9224987778,-116.842808861
BUR,59,08/26,21660,43492,34.1979109722,-118.369142833,34.1976502778,-118.349959778
BUR,59,15/33,21660,43492,34.2123446389,-118.36046125,34.1939051944,-118.355370361
BWC,63,08/26,0,5500,32.9929276389,-115.524057056,32.9929497222,-115.509702472
C80,48,01/19,0,1200,36.15658,-120.297706583,36.1632252222,-120.296007194
C80,48,12/30,0,1200,36.1677027778,-120.300233472,36.1587430278,-120.287398333
C83,40,05/23,0,35000,37.8223196944,-121.630116528,37.8260365556,-121.6208495
C83,40,12/30,0,35000,37.8356931667,-121.631533472,37.8269146944,-121.620569028
CA11,13,15/33,0,10,39.998575,-120.217369444,39.9958527778,-120.216344444
CA74,53,12/30,0,10,37.7333138889,-121.338130556,37.7293388889,-121.333047222
CA89,61,01/19,0,26,33.635954,-117.304668,33.63007,-117.295925
CA92,27,17/35,0,14900,39.7147049167,-121.616378778,39.7064265,-121.616645722
CCB,62,06/24,0,92189,34.1097181667,-117.693349417,34.1134991111,-117.681426972
CCR,40,01L/19R,0,27278,37.9819516944,-122.061328333,37.9945429444,-122.054402889
CCR,40,01R/19L,0,27278,37.9838780278,-122.058379556,37.9908520278,-122.054541333
CCR,40,14L/32R,0,27278,37.9965127778,-122.058855361,37.9852008333,-122.051740139
CCR,40,14R/32L,0,27278,37.9958987778,-122.060409139,37.9890186111,-122.056077639
CEC,19,11/29,0,6195,41.7849913056,-124.241542111,41.7756017222,-124.228176972
CEC,19,17/35,0,6195,41.7867211944,-124.236111389,41.7733590278,-124.240297944
CIC,27,13L/31R,11,16218,39.8033819444,-121.864119167,39.7878272222,-121.851236667
CIC,27,13R/31L,11,16218,39.7983878333,-121.862935722,39.7914461944,-121.85719075
CL35,38,08/26,0,10,33.2843388889,-116.675377778,33.2846666667,-116.663936111
CL56,27,14/32,0,5000,39.7221793333,-121.872157722,39.7168631667,-121.868788639
CLR,63,08/26,0,1500,33.1313962222,-115.526968417,33.1312763611,-115.515788611
CMA,58,08/26,0,136129,34.2138366389,-119.104294333,34.2136743889,-119.084407222
CN13,36,09/27,0,3000,38.4441221667,-121.512659972,38.4423985833,-121.505080139
CN37,65,08/26,0,10,35.3843514444,-118.227010361,35.3840187778,-118.218054083
CN64,67,05/23,0,150,33.7452833333,-115.331494444,33.7501805556,-115.318980556
CN99,54,12/30,0,10,37.5492416667,-121.162069444,37.5436277778,-121.155102778
CNO,62,03/21,0,54863,33.9706305556,-117.6417755,33.9802858611,-117.630420861
CNO,62,08L/26R,0,54863,33.9757094722,-117.646754972,33.9758458611,-117.630732528
CNO,62,08R/26L,0,54863,33.9735126389,-117.646727,33.9737060833,-117.623641167
CPM,59,07L/25R,0,33000,33.8901683333,-118.249282111,33.8902197778,-118.238333472
CPM,59,07R/25L,0,33000,33.8896179444,-118.249278472,33.8896711389,-118.238331333
CPU,8,13/31,0,32000,38.1502117222,-120.651689833,38.1420234444,-120.64466275
CRO,50,13/31,0,5600,36.1069638889,-119.598269444,36.0983166667,-119.591058333
CRQ,38,06/24,1254,123102,33.1269883889,-117.287924944,33.1295242222,-117.272216111
CVH,17,06/24,600,27860,36.8897219444,-121.413413333,36.892415,-121.403178889
CVH,17,13/31,600,27860,36.9013355556,-121.4179525,36.8876136111,-121.404548056
CXL,63,08/26,0,5062,32.6675664167,-115.525181056,32.6673010556,-115.509967611
D63,20,09/27,0,1600,40.4931694444,-123.602488889,40.4909138889,-123.593961111
D83,21,13/31,0,5000,39.0170424167,-123.384597083,39.0108631667,-123.378509389
D86,55,13/31,0,12000,36.4512166667,-119.3218,36.4446027778,-119.315641667
DAG,69,04/22,0,9250,34.8520348611,-116.792676111,34.8609845833,-116.779499056
DAG,69,08/26,0,9250,34.8514832778,-116.797837333,34.8514832778,-116.776500306
DLO,49,14/32,0,19000,35.7528031111,-119.239986333,35.7383333333,-119.233014167
DVO,41,13/31,0,98000,38.1474861111,-122.559983333,38.1396555556,-122.554191667
DWA,36,16/34,0,60360,38.5876168056,-121.856873611,38.5711418611,-121.8570205
E16,45,14/32,0,32500,37.0854767778,-121.5989455,37.0776989722,-121.594668861
E36,9,16/34,0,22500,38.9250527778,-120.864738889,38.9168694444,-120.864919444
E45,15,09/27,0,15000,37.8634068611,-120.184434806,37.8599241944,-120.17267675
E55,21,13/31,0,2000,38.8044166667,-123.533194444,38.7988333333,-123.528088889
E79,48,12/30,0,14350,36.8424444444,-119.872552778,36.8379083333,-119.866252778
EDU,36,17/35,0,24450,38.5358194444,-121.786405556,38.5270986111,-121.78655
EDW,65,04L/22R,0,10,34.9027432778,-117.904808889,34.9201015278,-117.870788194
EDW,65,04R/22L,0,10,34.8945598056,-117.905011972,34.9162910556,-117.862418861
EED,69,02/20,0,5250,34.764375,-114.623069444,34.77454,-114.616201389
EED,69,11/29,0,5250,34.7670583333,-114.633642778,34.7603711111,-114.619084722
EKA,20,12/30,0,55150,40.8062866667,-124.116651667,40.8004941667,-124.108949167
EMT,59,01/19,0,89279,34.0810419444,-118.037673333,34.0909561111,-118.032008056
F34,48,12/30,0,10000,36.8632333333,-120.467903611,36.8567436111,-120.461031944
F62,23,07/25,0,12500,40.5467826944,-123.187014361,40.54719775,-123.172272139
F70,61,18/36,0,98185,33.5822301389,-117.126354583,33.566128,-117.130591806
F72,31,09/27,0,16200,38.3026245833,-121.434585111,38.3005756111,-121.424350167
F72,31,18/36,0,16200,38.31049325,-121.427808028,38.3021792778,-121.430468694
FAT,48,11L/29R,8861,38042,36.7840015,-119.730085583,36.7688391667,-119.703524417
FAT,48,11R/29L,8861,38042,36.7830610833,-119.732420639,36.7703348611,-119.710122806
FAUX8400589,69,02/20,0,250,34.13436,-115.953426,34.134443,-115.935182
FAUX8400589,69,12/30,0,250,34.132744,-115.953426,34.122404,-115.948046
FAUX8600591,69,02/20,0,250,35.275145,-116.642314,35.291398,-116.616989
FAUX8600591,69,12/30,0,250,35.272556,-116.621195,35.285346,-116.634166
FCH,48,12/30,0,26250,36.7350276667,-119.825359472,36.7292186944,-119.815304694
FOT,20,11/29,0,27500,40.5572878611,-124.138375028,40.5505955556,-124.126940861
FUL,60,06/24,0,61565,33.8710575,-117.984805556,33.8729888889,-117.974789167
GOO,11,07/25,0,27750,39.2237589444,-121.010754722,39.2243197222,-120.995419806
H37,24,06/24,0,700,40.1378805556,-120.1857,40.1395472222,-120.174241667
H47,23,14/32,0,2000,40.6292666667,-123.470938889,40.6219833333,-123.466047222
HAF,44,12/30,0,50150,37.5184504444,-122.50704825,37.5084202222,-122.495277583
HES,22,13/31,0,20400,38.6558777778,-122.901236944,38.6498405556,-122.896046111
HGT,16,14/32,0,10,35.9942568611,-121.237055028,35.9928251111,-121.236269889
HHR,59,07/25,0,79363,33.9224533333,-118.343341944,33.9232258333,-118.327032778
HJO,50,14/32,0,28700,36.3229678889,-119.631847694,36.31046325,-119.623467806
HMT,61,04/22,0,37722,33.7339083333,-117.025025,33.7364083333,-117.018913889
HMT,61,05/23,0,37722,33.7307386111,-117.029135278,33.7361405556,-117.0165025
HWD,39,10L/28R,4,58197,37.6624754444,-122.127261556,37.6582268611,-122.117953389
HWD,39,10R/28L,4,58197,37.6620445278,-122.129790778,37.65426,-122.11273375
IPL,63,08/26,825,5283,32.8321044444,-115.590121417,32.8321109444,-115.575472667
IPL,63,14/32,825,5283,32.84251225,-115.579291889,32.8295501111,-115.571364528
IYK,65,02/20,458,8144,35.6482666667,-117.833369444,35.6630611111,-117.822533333
IYK,65,10/28,458,8144,35.6677833333,-117.835077778,35.6628916667,-117.82245
IYK,65,15/33,458,8144,35.6670611111,-117.834297222,35.64815,-117.828461111
IZA,57,08/26,0,30270,34.6073666667,-120.080161111,34.6062638889,-120.070938889
JAQ,7,01/19,0,24900,38.3724728056,-120.796131389,38.3811308333,-120.791685111
KIC,16,11/29,0,7862,36.2325458333,-121.127076333,36.2245480833,-121.115538167
L00,65,08/26,0,15000,34.8705055556,-118.211419444,34.8704694444,-118.199416667
L04,63,08/26,0,10,32.8450305556,-115.278269444,32.8448666667,-115.258730556
L05,65,17/35,0,11425,35.7330083333,-118.419238889,35.7234222222,-118.420183333
L06,2,15/33,0,10000,36.464525,-116.881388889,36.4565027778,-116.878222222
L08,38,08/26,0,18250,33.2588888889,-116.329166667,33.2591666667,-116.312777778
L09,2,05/23,0,1000,36.6011444444,-117.16365,36.6065416667,-117.154783333
L17,49,07/25,0,10000,35.1408415,-119.443214667,35.1424795833,-119.432422528
L18,38,18/36,0,25400,33.3570444444,-117.249969444,33.3512888889,-117.251697222
L19,49,12/30,0,10000,35.6231682778,-119.357726528,35.6165643889,-119.349731222
L22,69,06/24,0,14500,34.1277277778,-116.41365,34.1319222222,-116.400141667
L26,69,03/21,0,6000,34.3727166667,-117.320061111,34.3811666667,-117.312052778
L35,62,08/26,0,28000,34.2637505556,-116.865710278,34.2638284167,-116.846356944
L36,31,17/35,0,30000,38.6785903333,-121.445129167,38.671399,-121.445766222
L45,49,16/34,0,25000,35.3303441111,-118.996656583,35.3194039444,-118.995384833
L52,56,11/29,0,10000,35.1032694444,-120.625572222,35.0996972222,-120.619127778
L54,38,11/29,0,4400,32.9573284722,-116.298310444,32.9540786111,-116.291127611
L61,2,15/33,0,700,35.9718138889,-116.270061111,35.9654,-116.268483333
L62,49,11/29,0,1200,35.3563916667,-119.483841667,35.3505222222,-119.475580556
L65,61,15/33,0,27550,33.7714361111,-117.221038889,33.7578388889,-117.216977778
L67,62,6/24,0,250,34.131151,-117.396025,34.127341,-117.410453
L67,62,17/35,0,250,34.133231,-117.398929,34.125881,-117.398879
L70,59,04/22,0,720,34.4997027778,-118.319247222,34.5074277778,-118.306838889
L71,65,06/24,0,3350,35.1491844722,-118.026420278,35.1533153056,-118.006901222
L72,2,17/35,0,7000,35.8206741667,-117.325374833,35.8046385,-117.328459667
L73,49,16/34,0,1000,35.6005083333,-119.128319444,35.5922638889,-119.128252778
L77,64,06/24,0,6000,33.6636694444,-115.717411111,33.6660944444,-115.702569444
L78,38,07/25,0,656,32.6154722222,-116.169419444,32.6162277778,-116.161322222
L80,69,06/24,0,6200,34.1538805556,-116.255688889,34.1551277778,-116.247586111
L84,49,15/33,0,1000,35.6288222222,-119.687311111,35.6207416667,-119.684988889
L88,57,10/28,0,500,34.9423555556,-119.691480556,34.9375277778,-119.679711111
L90,38,09/27,0,300,33.1467111111,-116.134313889,33.1449833333,-116.126488889
L90,38,13/31,0,300,33.1536805556,-116.136169444,33.1441305556,-116.1284
LAX,59,06L/24R,142069,16996,33.9491124722,-118.431159861,33.9521039167,-118.401948917
LAX,59,06R/24L,142069,16996,33.9467474722,-118.435327222,33.9501944444,-118.401668667
LAX,59,07L/25R,142069,16996,33.9358305833,-118.41934175,33.9398771944,-118.379776944
LAX,59,07R/25L,142069,16996,33.9336493889,-118.419018333,33.9373630278,-118.382713917
LGB,59,07L/25R,5000,53754,33.8227533056,-118.163520194,33.8226948611,-118.143134806
LGB,59,07R/25L,5000,53754,33.81382425,-118.161302278,33.8138365833,-118.143448361
LGB,59,12/30,5000,53754,33.8262013056,-118.161532528,33.8068652222,-118.138141778
LGB,59,16L/34R,5000,53754,33.8218444444,-118.147958333,33.8126944444,-118.148013889
LGB,59,16R/34L,5000,53754,33.8248621667,-118.155784667,33.81258,-118.15577
LHM,30,15/33,0,74400,38.9171298056,-121.354011917,38.9011933333,-121.348663139
LLR,21,11/29,0,3000,39.2664636667,-123.761087333,39.2576209167,-123.746450833
LPC,57,07/25,0,30000,34.665725,-120.47515,34.6655138889,-120.459855556
LSN,52,14/32,0,16000,37.0685419167,-120.872796667,37.0592208056,-120.866934639
LVK,39,07L/25R,63,58784,37.6939370278,-121.829401583,37.69379375,-121.811250139
LVK,39,07R/25L,63,58784,37.6925315278,-121.825088806,37.6924556944,-121.81576125
M45,1,17/35,0,250,38.7408415556,-119.7665365,38.7286728889,-119.767552278
M90,48,15/33,0,4000,36.7633055556,-120.373411111,36.7541916667,-120.369619444
MAE,51,07/25,0,25425,36.9833741667,-120.119236389,36.9833702778,-120.106563056
MAE,51,12/30,0,25425,36.9939860278,-120.119159222,36.9832143611,-120.105741
MCC,31,16/34,0,15000,38.6821883611,-121.400577417,38.6530858889,-121.400622556
MCE,52,12/30,3500,54950,37.2908201944,-120.520652083,37.2786568333,-120.507183222
MER,52,13/31,0,102439,37.3930845833,-120.580958278,37.3678821667,-120.555417056
MHR,31,04L/22R,2391,31492,38.5530606389,-121.304949861,38.5628744444,-121.287932611
MHR,31,04R/22L,2391,31492,38.5447142222,-121.313515694,38.5630811667,-121.281664361
MHV,65,04/22,60,5725,35.0597333333,-118.164297222,35.0678,-118.151836111
MHV,65,08/26,60,5725,35.0592149444,-118.166072056,35.0591655556,-118.142524028
MHV,65,12/30,60,5725,35.0691444167,-118.160426917,35.0447976667,-118.130967361
MIT,49,08/26,0,15000,35.5105708333,-119.199129444,35.5105625,-119.1867925
MIT,49,12/30,0,15000,35.5106768889,-119.2010235,35.5021878889,-119.190028944
MIT,49,17/35,0,15000,35.5093135833,-119.185968139,35.5011546389,-119.185975722
MMH,3,09/27,1234,4946,37.6271668333,-118.850161889,37.6209248056,-118.827310944
MOD,54,10L/28R,0,22121,37.6297396389,-120.960101806,37.6206450278,-120.94322675
MOD,54,10R/28L,0,22121,37.6295668611,-120.964093583,37.6242309722,-120.954190806
MPI,10,08/26,0,8200,37.5116333889,-120.0451555,37.510106,-120.033922389
MRY,16,10L/28R,2023,45078,36.5885819167,-121.844633667,36.5848572222,-121.833633361
MRY,16,10R/28L,2023,45078,36.5911545,-121.856665583,36.5832541667,-121.833296667
MYF,38,05/23,1,68730,32.8148527222,-117.146005028,32.8188029444,-117.135978
MYF,38,10L/28R,1,68730,32.8181634444,-117.144683444,32.8128506667,-117.131181917
MYF,38,10R/28L,1,68730,32.816917,-117.145367111,32.8129695,-117.135335306
MYV,37,05/23,0,17650,39.0968083333,-121.574058611,39.1003597222,-121.563435
MYV,37,14/32,0,17650,39.1049063889,-121.574587778,39.0897530556,-121.566240833
NFG,38,03/21,0,10,33.2953335833,-117.3620065,33.30717775,-117.348319444
NID,65,03/21,0,3,35.6756414444,-117.708393361,35.6959559444,-117.685760861
NID,65,08/26,0,3,35.6832736667,-117.704091278,35.6829860556,-117.678158667
NID,65,14/32,0,3,35.6987576389,-117.693198167,35.6764777778,-117.679959306
NJK,63,08/26,0,10,32.8291333333,-115.687102778,32.8291583333,-115.656166667
NJK,63,12/30,0,10,32.8297805556,-115.672108333,32.8164861111,-115.656436111
NKX,38,06L/24R,0,10,32.8645664167,-117.164849083,32.8728741389,-117.127028444
NKX,38,06R/24L,0,10,32.8654729167,-117.151672167,32.8710112778,-117.126454667
NLC,48,14L/32R,0,10,36.3641636667,-119.960700194,36.3302858333,-119.942046722
NLC,48,14R/32L,0,10,36.3359673333,-119.962272278,36.3020896111,-119.943627389
NRS,38,08/26,0,10,32.5669678611,-117.113798306,32.5653572222,-117.106778972
NRS,38,09/27,0,10,32.5679447222,-117.122802583,32.5643631667,-117.107144611
NSI,58,12/30,0,10,33.2490833333,-119.470236111,33.2304777778,-119.446158333
NTD,58,03/21,0,10,34.1084488889,-119.134500833,34.1304595,-119.109104694
NTD,58,09/27,0,10,34.1208703611,-119.123889083,34.1169527778,-119.106331972
NUC,59,05/23,0,10,33.0178143611,-118.602488778,33.0276799722,-118.574497222
NUQ,45,14L/32R,0,10,37.4289211667,-122.0546045,37.4055486389,-122.042595778
NUQ,45,14R/32L,0,10,37.4252216111,-122.055028472,37.4045806111,-122.044424583
NXF,38,09/27,0,10,33.2859444444,-117.458927417,33.285343,-117.454029222
NXP,69,10/28,0,10,34.3002891667,-116.174371111,34.2919316667,-116.149819167
NZY,38,11/29,0,10,32.7023291667,-117.221266944,32.6914108333,-117.2005875
NZY,38,18/36,0,10,32.7100325,-117.211676667,32.6888402778,-117.218613333
O02,13,08/26,0,12000,39.8185351944,-120.36109,39.8185047778,-120.344535667
O05,13,16/34,0,15700,40.2892022222,-121.242236444,40.275522,-121.240108972
O08,28,13/31,0,28000,39.1826401389,-121.995941889,39.1753608889,-121.990731667
O09,21,10/28,0,2000,39.792425,-123.272383333,39.7885777778,-123.260311111
O15,52,12/30,0,10400,37.4869444444,-120.700769444,37.4810138889,-120.693663889
O16,20,18/36,0,16500,40.0897027778,-123.812652778,40.0816916667,-123.815830556
O19,20,15/33,0,10000,40.7219972222,-123.927913889,40.7159083333,-123.926519444
O21,20,14/32,0,550,41.0445333333,-123.669019444,41.038425,-123.666583333
O22,15,11/29,0,22461,38.0330180278,-120.420517139,38.0280806389,-120.413965083
O22,15,17/35,0,22461,38.0366743333,-120.411623306,38.0240465556,-120.414488611
O24,3,16/34,0,2200,37.9631277778,-119.107988889,37.9524416667,-119.103613889
O26,2,13/31,0,4300,36.5921448333,-118.056960083,36.5868554444,-118.052137583
O26,2,16/34,0,4300,36.5937097222,-118.046538889,36.5827569444,-118.046058444
O27,54,10/28,0,9360,37.7578544444,-120.805057222,37.7548315,-120.795357889
O28,21,16/34,0,5500,39.4553958333,-123.372723333,39.4471997222,-123.371845833
O32,48,15/33,0,33000,36.6754371944,-119.452186556,36.6665705833,-119.449847139
O33,20,16/34,0,2500,40.7845694444,-124.212283333,40.7771583333,-124.212283333
O37,29,15/33,0,20000,39.7263730556,-122.148357528,39.7144068333,-122.144383583
O39,24,17/35,0,365,40.807275,-120.365888889,40.799275,-120.366563889
O41,36,18/36,0,23000,38.6787472222,-121.869922222,38.6689994444,-121.874254444
O46,26,14/32,0,16200,41.487149,-122.457957083,41.47443875,-122.451104611
O52,34,17/35,0,8000,39.1278176944,-121.6046745,39.1195264444,-121.606060028
O54,23,18/36,0,5500,40.7512083333,-122.920891667,40.7433222222,-122.923761111
O55,24,04/22,0,1500,41.1372527778,-121.128461111,41.1418416667,-121.119502778
O57,3,16/34,0,3200,38.2699444444,-119.222752556,38.2593628056,-119.222709667
O59,25,02/20,0,2350,41.5483416667,-120.169588889,41.5588916667,-120.16165
O60,22,14/32,0,10900,38.7798084722,-122.994953806,38.7721344722,-122.989879333
O61,9,13/31,0,36036,38.6884736389,-120.991708,38.6794972222,-120.983330389
O63,55,13/31,0,400,36.2452638889,-119.151305556,36.2396944444,-119.147516667
O69,47,11/29,0,53200,38.2606621944,-122.610432083,38.2549243333,-122.600217639
O79,14,03/21,0,1000,39.5787166667,-120.358380556,39.5846027778,-120.349661111
O81,25,11/29,0,13100,41.8937508333,-121.365748083,41.8875456389,-121.355564639
O85,32,15/33,0,37000,40.57697925,-122.407827306,40.5703793611,-122.406842778
O86,23,14/32,0,8500,40.9869361111,-122.695566667,40.978575,-122.691869444
O88,33,07/25,0,17500,38.19344775,-121.709556806,38.1943096944,-121.694985972
O88,33,15/33,0,17500,38.1952733333,-121.7075435,38.1895985,-121.704927472
O89,32,02/20,0,5000,41.0116815278,-121.4400485,41.0230347222,-121.429874472
OAK,39,10L/28R,30932,24136,37.7304684722,-122.222180028,37.7248124167,-122.204703583
OAK,39,10R/28L,30932,24136,37.7287069444,-122.225903028,37.7222716667,-122.206009472
OAK,39,12/30,30932,24136,37.7200620833,-122.242114306,37.7014910556,-122.214255167
OAK,39,15/33,30932,24136,37.7402915833,-122.222807667,37.73136125,-122.219673889
OAR,16,11/29,0,42000,36.6841093611,-121.766651944,36.6789413611,-121.756655028
OKB,38,06/24,0,11848,33.2173262222,-117.355875778,33.2186263889,-117.347141111
ONT,62,08L/26R,28091,17551,34.0568761667,-117.622818444,34.0568931111,-117.582552861
ONT,62,08R/26L,28091,17551,34.0549574167,-117.616224861,34.0549695556,-117.582552389
OVE,27,02/20,0,18000,39.478849,-121.631808639,39.4927131667,-121.620199806
OVE,27,13/31,0,18000,39.495205,-121.618862111,39.4873670278,-121.611449361
OXR,58,07/25,0,73577,34.2008802222,-119.217069139,34.2007311667,-119.197383361
PAO,45,13/31,0,191697,37.4637518333,-122.117652333,37.4584878333,-122.112435917
PMD,68,04/22,602,5805,34.6169005556,-118.091611667,34.6372877778,-118.060268333
PMD,68,07/25,602,5805,34.630585,-118.113063611,34.6327752778,-118.073261944
POC,59,08L/26R,0,57604,34.0923691944,-117.786810361,34.0918074167,-117.774739667
POC,59,08R/26L,0,57604,34.0917139722,-117.79050475,34.0909712778,-117.774545306
PRB,56,01/19,0,16500,35.6661084167,-120.635577167,35.6805922778,-120.625879306
PRB,56,13/31,0,16500,35.6774874167,-120.627096556,35.6670875278,-120.617716139
PSP,64,13L/31R,7613,19399,33.8351648333,-116.509667056,33.8242412778,-116.499944056
PSP,64,13R/31L,7613,19399,33.8406795278,-116.517448056,33.8186192778,-116.497813306
PTV,55,12/30,0,21750,36.0354065278,-119.069801,36.0237743611,-119.055616889
PVF,9,05/23,0,58500,38.7217658333,-120.759441111,38.7266577778,-120.747239722
RAL,61,09/27,0,52442,33.9538873889,-117.451969194,33.9505366944,-117.434622556
RAL,61,16/34,0,52442,33.9551546667,-117.448638,33.9473263333,-117.448399944
RBL,35,15/33,0,26000,40.1576073333,-122.254198583,40.1430190556,-122.25019925
RDD,32,12/30,20,29152,40.5119155833,-122.297177583,40.5012475,-122.285488861
RDD,32,16/34,20,29152,40.5203351111,-122.294854056,40.5011123333,-122.294886194
REI,62,08/26,0,44000,34.08522775,-117.153816639,34.0853006111,-117.138948611
RHV,45,13L/31R,0,75025,37.3365136944,-121.822601722,37.3297251944,-121.816167944
RHV,45,13R/31L,0,75025,37.3360150278,-121.823425028,37.3292296111,-121.816992639
RIR,61,06/24,0,40000,33.9877833333,-117.415030556,33.9897916667,-117.404788889
RIU,31,04/22,0,26500,38.4836300278,-121.108085833,38.4898978611,-121.097483472
RIV,61,12/30,0,10,33.8902527778,-117.260675,33.8843222222,-117.253533333
RIV,61,14/32,0,10,33.8964277778,-117.270633333,33.8649944444,-117.248275
RNM,38,09/27,2,114328,33.0403451389,-116.923290417,33.0379677778,-116.907220583
S51,19,11/29,0,1100,41.5141,-123.999102778,41.5099805556,-123.992261111
SAC,31,02/20,0,29168,38.5052076389,-121.500729833,38.5178630556,-121.490221639
SAC,31,12/30,0,29168,38.5183631667,-121.495073472,38.5111605833,-121.485286472
SAC,31,16/34,0,29168,38.5164603056,-121.493965278,38.5068359167,-121.493884722
SAN,38,09/27,178606,21618,32.7371225833,-117.204356694,32.7300023889,-117.174972722
SAS,63,07/25,0,350,33.2405638889,-115.960738889,33.2418027778,-115.94445
SBA,57,07/25,2001,30631,34.427499,-119.854641611,34.4279176389,-119.834578778
SBA,57,15L/33R,2001,30631,34.4307806111,-119.840368917,34.4196525278,-119.836939278
SBA,57,15R/33L,2001,30631,34.4305403889,-119.841536944,34.4194016667,-119.8381015
SBD,62,06/24,398,46681,34.0907546944,-117.250437111,34.0999558611,-117.219316361
SBP,56,07/25,438,36360,35.2368545,-120.650263139,35.2368805833,-120.641893417
SBP,56,11/29,438,36360,35.2422083333,-120.649561111,35.23265,-120.632780556
SCK,53,11L/29R,554,27612,37.9023419444,-121.250888972,37.8845042778,-121.221642972
SCK,53,11R/29L,554,27612,37.8996308333,-121.249283611,37.8921821111,-121.237068694
SDM,38,08L/26R,0,40311,32.5737888889,-116.993422222,32.5716494444,-116.967669167
SDM,38,08R/26L,0,40311,32.5715816111,-116.984332389,32.5707305556,-116.974058333
SEE,38,09L/27R,0,75456,32.8294593611,-116.981251056,32.8263869167,-116.964246972
SEE,38,09R/27L,0,75456,32.8273810833,-116.976237417,32.8258049444,-116.967522111
SEE,38,17/35,0,75456,32.82951325,-116.972483667,32.8181220833,-116.972393222
SFO,44,01L/19R,94912,16543,37.607897,-122.382928,37.62648025,-122.370609028
SFO,44,01R/19L,94912,16543,37.6063290833,-122.381040361,37.6273412222,-122.367110361
SFO,44,10L/28R,94912,16543,37.6287386111,-122.393391139,37.6135323611,-122.357141028
SFO,44,10R/28L,94912,16543,37.6262900278,-122.393105417,37.6117091389,-122.358342
SIY,26,17/35,0,13650,41.791535,-122.465468667,41.7713660556,-122.470740972
SJC,45,12L/30R,51987,29733,37.3749926944,-121.940175167,37.3522573056,-121.915254333
SJC,45,12R/30L,51987,29733,37.3737278056,-121.941986889,37.3509917778,-121.917066056
SLI,60,04L/22R,0,10,33.7853083611,-118.062071361,33.7946086667,-118.046157472
SLI,60,04R/22L,0,10,33.7837823056,-118.060234889,33.7963907222,-118.038662778
SMF,31,16L/34R,43283,10620,38.7071381389,-121.580059028,38.6835140556,-121.580456111
SMF,31,16R/34L,43283,10620,38.7073398889,-121.60108225,38.6837330556,-121.601474306
SMO,59,03/21,0,163265,34.0109542778,-118.457063111,34.0206878333,-118.445545806
SMX,57,02/20,166,18640,34.89338225,-120.46792625,34.9049171944,-120.457757333
SMX,57,12/30,166,18640,34.9082714722,-120.464353028,34.8926118056,-120.445613389
SNA,60,02L/20R,46261,95580,33.6678028333,-117.8738305,33.68164625,-117.865059056
SNA,60,02R/20L,46261,95580,33.6739945,-117.868047333,33.681003,-117.863606806
SNS,16,08/26,0,34805,36.6629130833,-121.618539083,36.6609524444,-121.598216639
SNS,16,13/31,0,34805,36.6686070278,-121.610006139,36.6573893889,-121.601244556
SQL,44,12/30,0,107415,37.5145069444,-122.252523889,37.5092027778,-122.246522222
STS,47,02/20,2321,36768,38.5031657222,-122.820962083,38.5156354722,-122.812099389
STS,47,14/32,2321,36768,38.5175166667,-122.813813889,38.5023303056,-122.805686222
SUU,46,032/212,0,10,38.2738138889,-121.906886111,38.2802833333,-121.897869444
SUU,46,03L/21R,0,10,38.2432959444,-121.956978083,38.2636361111,-121.928644444
SUU,46,03R/21L,0,10,38.2614655,-121.926516194,38.2817913611,-121.898198611
SVE,24,07/25,0,6225,40.3745377222,-120.578211167,40.3745901667,-120.570390389
SVE,24,11/29,0,6225,40.379792,-120.577484778,40.3727985278,-120.566184
SZP,58,04/22,0,97000,34.3449664444,-119.065452417,34.3489827222,-119.057878028
T42,23,13/31,0,2000,40.2156527778,-123.300780556,40.2072916667,-123.2946
TCY,53,08/26,0,29333,37.6904847222,-121.448279167,37.6905519444,-121.436399167
TCY,53,12/30,0,29333,37.6911444444,-121.446092778,37.6838591111,-121.435744
TLR,55,13/31,0,26180,36.1610804167,-119.330170167,36.1520970833,-119.322964556
TNP,69,08/26,0,8750,34.1343468611,-115.953438167,34.1344383889,-115.935164889
TNP,69,17/35,0,8750,34.1327383056,-115.948014056,34.1223050278,-115.948046306
TOA,59,11L/29R,14,59266,33.80805925,-118.3456685,33.7995121944,-118.332777667
TOA,59,11R/29L,14,59266,33.8052744722,-118.344115028,33.8001481667,-118.336382306
TRK,12,02/20,0,17488,39.31452,-120.139971944,39.3255744444,-120.131759722
TRK,12,11/29,0,17488,39.3248455556,-120.152738222,39.3152418611,-120.131316806
TRM,64,12/30,0,37750,33.6301721111,-116.170973167,33.6204626111,-116.159373444
TRM,64,17/35,0,37750,33.6391435556,-116.156405611,33.6157843333,-116.156415278
TSP,65,11/29,0,11000,35.1381305556,-118.444875,35.1318583333,-118.433725
TVL,5,18/36,0,23315,38.9053218611,-119.991985833,38.8824711111,-119.9986905
UDD,64,10/28,0,12700,33.7514225,-116.282211667,33.7454313889,-116.267403056
UKI,21,15/33,0,43000,39.1318983333,-123.202436111,39.1200068333,-123.199283111
VBG,57,12/30,0,10,34.7522910278,-120.601486556,34.7223823056,-120.567138583
VCB,33,02/20,0,101500,38.3724115,-121.966140583,38.3831437222,-121.957037361
VCV,69,03/21,530,13880,34.5827071111,-117.387754111,34.6006043889,-117.36646525
VCV,69,17/35,530,13880,34.6216522222,-117.386785472,34.580307,-117.386366639
VIS,55,12/30,2200,41000,36.3249873611,-119.400761139,36.3122866667,-119.384959083
VNY,59,16L/34R,0,251973,34.2189965,-118.490003611,34.2080052778,-118.488965139
VNY,59,16R/34L,0,251973,34.2189103889,-118.491239972,34.1969941667,-118.489168833
WHP,59,12/30,0,116109,34.2635277778,-118.417925,34.2550166667,-118.408930556
WJF,68,06/24,0,81176,34.738002,-118.230039306,34.7440947222,-118.207240333
WLW,29,13/31,0,14750,39.5197943333,-122.218473361,39.5112756389,-122.210775111
WLW,29,16/34,0,14750,39.5216179722,-122.219938833,39.5102995556,-122.219481306
WVI,18,02/20,0,29985,36.9290370278,-121.795795611,36.9394826667,-121.787563389
WVI,18,09/27,0,29985,36.9383272222,-121.794073139,36.9364541667,-121.780593694
